-- phpMyAdmin SQL Dump
-- version 5.2.0
-- https://www.phpmyadmin.net/
--
-- Хост: 127.0.0.1:3306
-- Время создания: Июл 05 2024 г., 17:34
-- Версия сервера: 5.7.39
-- Версия PHP: 7.2.34

SET SQL_MODE = "NO_AUTO_VALUE_ON_ZERO";
START TRANSACTION;
SET time_zone = "+00:00";


/*!40101 SET @OLD_CHARACTER_SET_CLIENT=@@CHARACTER_SET_CLIENT */;
/*!40101 SET @OLD_CHARACTER_SET_RESULTS=@@CHARACTER_SET_RESULTS */;
/*!40101 SET @OLD_COLLATION_CONNECTION=@@COLLATION_CONNECTION */;
/*!40101 SET NAMES utf8mb4 */;

--
-- База данных: `products`
--

-- --------------------------------------------------------

--
-- Структура таблицы `product`
--

CREATE TABLE `product` (
  `id` int(10) UNSIGNED NOT NULL,
  `position` int(11) DEFAULT '0',
  `url` varchar(255) NOT NULL,
  `name` varchar(255) NOT NULL,
  `articul` varchar(255) NOT NULL,
  `price` decimal(10,2) NOT NULL,
  `currency_id` int(10) UNSIGNED DEFAULT NULL,
  `price_old` decimal(10,2) NOT NULL,
  `notice` text,
  `content` text,
  `visible` tinyint(1) NOT NULL,
  `quantity` int(11) NOT NULL,
  `image` text NOT NULL
) ENGINE=InnoDB DEFAULT CHARSET=utf8;

--
-- Дамп данных таблицы `product`
--

INSERT INTO `product` (`id`, `position`, `url`, `name`, `articul`, `price`, `currency_id`, `price_old`, `notice`, `content`, `visible`, `quantity`, `image`) VALUES
(1, 1, 'dune', 'Дюна', 'B0001', '600.00', 1, '600.00', 'Фантастика от Фрэнка Герберта', 'Дюна повествует о далеком будущем, где могущественные дома сражаются за контроль над пустынной планетой Арракис. Эта планета является единственным источником мощной пряности меланжи, способной удлинять жизнь и улучшать способности. Пауль Атрейдес, главный герой романа, сталкивается с предательством и опасностями, вовлеченный в великий конфликт. В ходе повествования, он открывает свои уникальные способности и предначертанную судьбу. Герберту удалось создать богатый мир со сложной политикой и философией, который привлекает читателей уже десятилетия. Дюна — не просто история, а эпическая сага о власти, предательствах и судьбе.', 1, 5, 'https://img4.labirint.ru/rc/a9d36b19aa7ab730def9f076634b5815/220x340q80/books83/828202/cover.jpg?1634369118'),
(2, 1, 'foundation', 'Основание', 'B0002', '400.00', 1, '450.00', 'Фантастика от Айзека Азимова', 'Основание рассказывает о масштабной эпической историй зарождения новой цивилизации на руинах старой галактической империи. Харри Селдон, гениальный математик, предсказывает неизбежный крах империи и создает «План Селдона», чтобы сократить мрачный период хаоса. Этот план ведет к созданию Основания, собрания ученых и инженеров, которые станут хранителями знаний. В то время как империя погружается в разруху, Основание сталкивается с внутренними и внешними угрозами. Азимов мастерски изображает общественные и политические механизмы, развивая глубокие мысли о науке и человеческой природе. Основание остается культовым произведением научной фантастики.', 1, 7, 'data:image/jpeg;base64,/9j/4AAQSkZJRgABAQAAAQABAAD/2wCEAAoHCBYWFRgVFRUYGRgaHBoZGBkaGBgZHRgaGRocGhgYGhwcIS4lHiErIRgZJzgmKy8xNTU1GiQ7QDs0Py40NTEBDAwMEA8QHxISHzQrJSs2NDc0NDQ2NDQ0NDY0NDQ0NDQ0NDQ0NjQ0NDQ0NDQ0NDQ0NDY2NDQ0NDQ2NjQ0NDQ0NP/AABEIAOEA4QMBIgACEQEDEQH/xAAcAAABBQEBAQAAAAAAAAAAAAACAAEDBAUGBwj/xABIEAACAQIEAwMJAwkHAQkAAAABAhEAAwQSITEFQVFhcZEGEyIygaGxwfBCUtEHFBUjcpKiwuEzU2KCstLxJBYlNENjdLPD0//EABkBAAMBAQEAAAAAAAAAAAAAAAABAgMEBf/EACgRAAICAQMDBAMAAwAAAAAAAAABAhESAyExQVFhBBMiMiNxgRSx0f/aAAwDAQACEQMRAD8AyRRigohXomAYoxUYoxQAQpE01I0ACxoKI0wFADrUq0CipFFAEqVOlQrU60gDmgc0VA1FjoiagapCKBhSsKIjSFERSiiwoEmhY0TUBFFhQwpxSiiVaYCAoqeKY0xAmhNEaE0AMaE0ZoDQANKnpUARCiFDSFAEooxUa1ItAD0jSpUADFM7hQWYwBuTyowKpcbMWH7co8WFABfpSz/eL7/wp/0zYH/mDwb8K4wrVuzwm84lbbkHKBpE5wjJE7yHQjrnXrTodHVLx3D/AN5/C/8Atox5Q4b75/cf/bXKNwm8CAbTyxQD0d/OMy24/aZWA6kUQ4PfyB/MvlK5wcu65SwI57AmOzsopdx0dSfKPD/fb9x/woG8o7H3m/caubfgl9WCG02cobmUQT5sMVLQDrqIga0ScDxB2ssQXCAjKwLFQ4AYGD6LAyDEHeliu4G+fKOx1f8Ac/rQN5R2ej/uj8awLXCbzFVW2xLILyjQTbYgK4k7EkdtTjyexOkWSZKqIe2ZLv5tYIfm2k7c9hNPFdx2ah8pLX3X/dX/AHUJ8pLf3H8E/wB1Y1/hN5ENx7bKgAJYlRo2SCBMn102B3PQw+J4Retgl7ZUBxbMlYFxkzqu/NYM7RHUUYRFZrN5Rp9x/wCH/dQHyhT7j/w/jVO7wC+gYsgAVWYy6aqiozFfS10uJtvnAGulG/k3iVzZ7eXIWDSy6FLfnG5/c/CjFdw3LH/aFfuN4itDhvFUuBjGTKQPSYayK5LLXSYbhdluDYvEOim4l9EtuRqubzAaD0hm02qdT4KwSs2geYoTUHDEixaHREH8Iqc0IkA0NEaamAxoDRmgagBqVNSoAhFEKEUQpAGtSrUS1KtMB6cCkKNRQAgtZnlGYsx1ZR8T8q1wKxvKf1EH+OfBT+NOO7A5jL1q3+kb2n619GzD0jo0q4I7ZRD/AJR0q7wlcqXrigG4ipkkBoDtDuAdyojXlM1YxOJd8MrXXOZ7mRXPrNaCgvPMqHya9dKUp71XWi0trszV4rfC5RecLoujkRBlQDuI5Dlr1NAmNugyLtwGZkO4M5ckyDvlAXu0rW4pib1t7lhCyWwpXIolTbIgud5mSc3U6EVYwCWcmEF03A2d2QIqFfSuqvp5mBA9AbA0vcqKk1s+w63avg5577sczu7GAss7E5QQyrJOwIBA5EA1O2OvzreuzvrceZIid+hrXS4Q+MvoJdXOQxJRblx87qDzACieWao3vucLmdjmL5EbZntlZdSd2TMEM9RVqdtbdaIa8mQl9wZDuDGUEOwOUGcsg7TBjban/Obmn6x/ROZfTf0TrDLr6J9I6jqetdLjz/03m8zSmHwz5SPRUMwLMrffJdRGmk7nQQ8EREQI4GbF5rYJ3S3BVHHQtdy9kW6FqrByrh1XfyPB2lZgNddhlLuwiMpZiIXUCJ2EDuimZ3Iks5EzJLRmAEGeoEdta/BwiXLuYtlWxcDHKA4YqEYBSSJDMwGvKaHiItLhrYtF8rXLj/rAgaVVFPqkiNvGqeos1FLnr/BY7XZlPccn0mckkHVmJYkyDruZ1nrTpnJygvMQQM0xGUiByjT3V0uFxAt4i2g9O9mtI91wIRIX0LSbCE0zHXfrVTheIUPibrF1BDarGcZ7maROkiPdU+66bS6WvNseG9WYosmYIgjkd66viYyeT7D+8xI9zT/9dc9ibwZ2YM7A7F4zHQDWNK6HymtxwTAod3xLN3gm/HuZaXqVUE31aCLV0ie2kKo6ADwFM1SNQNUkkZpjRGhNMBjUbGjaomNADTSpqVAEYo1qMVItICRakWolqZaYBqKkUUC1KooAdRWH5T72x+2f9MfOugUVgeUetxB0SfEn8KvSVyQSdIxLbMplSQeoMU952c5nYsdpJJ06DoOypxbo1s12e3C76meUqoD88ulPN53yfdzGI6d3ZTI7yhzGU9T/AAw2YR09Ik1btYSd9K0bHDxIAUkkwBEknkBSUYR4SE3J9zLwyOGzozBjOomTO4Mb0WItXHMuWY9TXVJhArOgClkVmOpIZVXNKsoIgiCCYBka60xwrnJCKA7Iimd2uLnQa9hEnYVOULulfcqpNVRzl/zzoEd3ZV2UkwI20HSq162+ZSSZUKFPQL6oHSK6dMLcOUn0Q2bU6ABDDk9IOnUnTerNvh7ENGVgFzzupWCZEj/A2hiII3pKUFwkW4t8nHZXlzJl5DnbMGIZp7yAaY2GYKhJyrmyzsM2reMDwrpXwgbl+7+BqndwjL3fXhVJx6JBj3szAz5/OFz5yQc3OQIB8KayWQnI0d0Hu3HaatPaoVsUYxappV/zgN72KboSSx1J1J6zXSeWmmE4Paj12zx3ebn/AOSqFrAM3Ktby9TLf4TZ/u7THwVBP8Fcnq5JqMV3LjFq2wGoDUjVG1QQAaE05oWNMAWNRMaNjUTGgBTSpqVIAFqQVEtSCgCRamWoFqZaYEy1KtQoalWgCdayOK4bNczf4VHvJ+dbC1U4iggHnMH4itNH7D26mM1gjpUYxVtTDMgbpmUHwmsvyjxzZlsoYJjMQY9bRVnl1Ps7axDwe/r+rOm8FT8D2VOt6vGWKVjjG1Z23nZq3h8eUYMNxsehgiR0Ouh5ECuP4BimVzYeeYAO4Zdx2CAfDtrpRbNdGnKOrGyXJxdGn+lWZiW1JXLmIBcDKUJDHWcrEeHQQYx7kyTvlUbQAqMigdIDt7TO9ZipViywBErzE66b03BdEVGV8moeIuxlyGnNI5NmCAgxH3FOkGRO9Hax7jNAUAgADWEADKMonXR29aZJk661Bi1yOyZdFPZrOo9xplfll/Cs6VcGyimGgI0BqZO33jfs7qitPzy+FXbf7NS2Wooo4jh8jOgkcx07uoqDzLDZa38NmG3hQYjAkGQfRPuPMUZjUFZiOXA2A9tTeX2vF8Ms6W8MNO0m8D8V8K0cPhJZQY1Ye8gVleVdzNxu4P7vDoPEK389c2tK5ojVVDvUbVI9RtVnMRtQMaJqjY0ARsaA0TGgNADUqVKmAIo1qMVItIA1qZahWplpgSKanWoFqdaAJ0qjjjJir6Cqty3JmtdHlsUlexzfC7OD/STfpAxYKZlJzBSwVcubLrHotpzIApcSThrOxBRUXz7q1stmufr7q27WQkalGw7D1RlD66aaXF/J9cQok5XHqvE6c1Ycx8PGcG15C3yYNy0B1BYmOwZR8a4tbSlm2ldm0U6QGFwNkY1Rh7jXLaKCzsoHpZMrRDMCCxnfmRyk9alpTUvCPJ6zYXKrZifWY6Fj8h0Fa1rDovQ11aH4411G9LJ22Zi4UGq2ItQ9tObOPAET8RXRZ1GmUVzjYgXOIIo9VWVB3j0ifEx7K2U2yNSKhHZm7x6xN9iNjEewAfKqHmo3q9dvZ2LTzPhJpvMTzqeNi9OWUUyK0h5VdtpUVqyRWjaSokzdOhW17KuW7eYFTz27DyNAmlWrTVmwcitg8N+sTT7Se5hXFcUObjGOboLa+CWx/JXpGDSbiftfAE/KvLrL5uIcRf8A9coP8ruv8orKTuaMtR2aD1E1SOahY1qYAMaiY0bGomNAAtQmnNCaBDUqVKmAIqRaAUa0gDWplqFamWmBKlTLUK1MtAFhahc6xVi0JIHUgeNTnDanStdLqDdFDlSk9at3MNpUDYYzWuwKQCsetFnPWnFk04U0ikyK/iMis52UFj7BNYPkaS+LRjvLue8I7fGrPlZdZcM0c2VW7ATPxAHtpvyc5Dddi39nZuuewBSpPg1ZSmlaFqLgucKvlnZecT4EA/6hW/Ys9TXIcExS/nIytm9BwY5D0TPiorrxckVU3b2NPTJYKy9YsgcxV1EHMishc3I0muOOtZNWdOL6GyUHI04FYaY1tufbUycRbaKWIqZ03ChNxeyf9J/GvJOAvnfFv9/EXD/EW/mr07yfxP6xmOyo7H2FfxNeVeRg/wCnLHdnZj4KPlWNfk/hjqG49QNUrmoWNamIDVExo2NRtQAJoDRk0BoENSpUqAHFGtQB6JXosCwtSrVUOakW5RYy2pqVGqmr1KrVLkNI1MAJdB2j3a10Iwy66Vz/AAHW+nZmP8JrsktgzVxlsJrczXwq9lRPhV51oX7QGu0VUut6Q3POKtbhkkAMIN4pHBDkK1MMgcTz51YbDCocqNouzkeO+T/5xh3tpAcwV7WUhgPbEe2snyZ8l7trD4u4VIY4e5bA55mKz7ga9JTCgCrQvAWmB7tt8wjWsZyvcGrPFPIzg9xXe+4hcrIgI1b0gWbsAyx2yemvWZSOVdD+bjaB2dgrOx6ZQYraGyoqLitirbeja5FZGJxOUzmA+um9V34xA9Un3VrhJ8Fe7px5ZttcXqKrvcI2g1z9zi7z9hR0Pv3NV8Tx100IBJ2gGdOydKHptbsS9VDhWdxwjFRaxjnTJh3b+Fz/ACVwfkoIwqdpc/xsPlW15Ps/6P4teaZeyE16ZLg07P1lY/AtMNbH+GfEk/OuOTrUZEpZbmizVExpneomeqUiMQmoCaBnqMvVWTRITQ0GahL07FRLSqHzlKiwIlfpSV+0VX87G5AHKn850g0gLocD7XjRBxG9Zz3yN9u/5CiD9uhHUUrHRoK9T27grJW/HMQI8D0omxWxGg+udJtFI63yfvqt3MxgBTryG2prtrdwCIIYHY15l5N3zcuMpJ9UhYO5OwJ25V1mGstbHpOFB+8wIPXSBtO86it9OKlGzn1JtSo6PErmGlZ+FWWmZrDxfH1AKgMx5gaKfaeXsp+D4p3cE+ip0gfia1UGoszc7kjrsPZYH0WGvLSaz/KLipwdrzt45EzqgygMzFj9md4EttMKa3OHWYM1xv5a8A7YO3eV/QtXBnSBBzjKrA7yCYjo56a8U9SmdkVsUPyZvce/jHd2uW2ZShzMVOZnaQrGV9Ejl2V3bxBWYE6HNJMDoe+vIPyYO/nbmUsLYRjcMSASyhB2GM3v6V6S9/WSIjnJ9L2bU4RtDyLx+u38KyseQdCctWLVzTUEafDurN4rekHY/Lqe2t4x3M5S2Oex2ECk5Wk7wBqfbNZF93MBBoftet7I+fWreMDHYSv1tGwqqwRdRM8x28664u0ccpOyO5ZyKW5mBJkmepbZayFuEHMAepbXunp7a184dsrAhR9mPnv7qp8QwhEKikDmZ9bv7Z6mpknyhxl3OhsX/wDuPiFxZGa7bTUljE2AdT2MazMC+WzbXoiD25RNX+Ip5ryfKzrcxI9zTHhb91cxYxpChSdgAP8AmvLk/m77ndBfFUbL3KDP21nvitoadNRNCb2k+lvHt76tMGaDOKhL1V/OW6UixiSw/CnZJaB7aB36kCq5cAaEeNRt6W0H207EWvOdh8DSp/MJ98/XspVVMVozbtzXUqfaflQ5hEqdeg0MRJIncCPfUCqJhiBP2iCVHP7IJoVunkNO3asMu5pRYvXZOnjt36ctaltW2ZcyrsQDqNJIC6dpn3VTFw7chMctT2Ad34ilPUwOm2/jRluOi2MSwBQNoSDAB1ImD7z40N0zuwOx1JkabVHctABSrBswnQiRqRqJ0258qjzgcvfNJ9mC8HT+SdqS5IIHo9dfWOniK7VsGkaLJO28bdlcf5G2Ga07CNHjY6wqn+atz9LshCsII7fdXo6K/GqODVfzdl1+HiAWIkdPxrW4Ng1kHpWTYxZfXaY0+daWHxeXmKueVUEHFOzs8MRFcX+WbGBOHZJ1u3UUCOSy57vUHjW/wnFZjvXJfluGbCWFXVjiFCgbkm24ge2K8zVjizvi7VnBfkvvkY5LZYhLiujJJhiEd1JGxjKR/m7TXrQwvp5QD3ctPoeFeKYTA3sNiMS1pwXwTMsgH0mNwYYFR1zXJjsr6LwmSFYfaAIPYQDT054qgasyThmQemuh91U7thbgK5eyYrp8a6lYOtYReGMbVtpzbVilFGTZ8n1hhzn6+uyqt7ySTViTM9dO6uts2SdvbVl8Kp018ap6zTM/ai1wcDxTCWzaKMgRgPQeRy6157d9FiGEiee3dXsPH+HKywVjoenKvNuK8N1KCCy6yOY2168q6IyyjsYSjjLcueV5jgmCXT08Qz6dP18e5hXEnFSIgbRoANuZiJPaa7T8oYycP4Xa5lXc+xE//SuBDHcfX1rXmSbyf7Z2RXxRZS4Ok+2pPPaeiTvJn3fPx7qqq/UTRK0wC2XUwdTHsUE0Jgy4klZDDQgQImT2DWJ0n2UF15henjPMmfrQVCdNwRPt1G8+340lcbSY35Rp1BPafGqsVEuYxBAFGjnsPbI1NVG7/AEe6pcQ0RAEH0hsza6akAaiP6a0WBYzDp/p/ClVDzvYKVGQUSptA79ZifhQhZ6k8gJ19lAb3SmmRB261NjoLz/JQB3Chae87/QogANdekx8KFgf+d6Qxy077ch+PLn7qQHWkpgTr3/Kl57TQayNZ0gaxljXUc/Cj9gdf5L40paKgAgsSeeugq9iWQiMoknUyenLWZrA4LxMIkNmJksYjm2aYOkzHhW014etrB1nvHOvV0awX6PP1byZLhrxE6HQ9vj4VdXFkkAT+E9o0rCGJMwIyzqSYCjqeggVWHlAiEKiBySApOg5AaT1nfs2qpTjHkmMJPg9C4JiSNz75qpx9xiOJ8PsscyJ5y+yg/aQShYDlmtga9SK4XDcbbOpfKqK5VlUgsDLGZZs+pERB20jQVFb8rWTFi+FzKqtbQH0TkZpBJEgmI1gTO1cetKMjr08o7G7xP8AU4/iShJDWGv6RBK3bd8MdeoIOkz416TcxmRFVBCgBUGuigQBr2RXlGD8rLL4u9cuqUW7Y8ydM3WSY12jkdq73g3H8Pct2089bZ8iKwkiWCgMFDgE6zyn31EFG+5rZrWcQ7b7Grlq2GNVDcA02qRL8Vo12EvJv4a2FHbRYoCJGkVjJxCNad+J+iffWHtyuyskPiSHBAE1wmOtuXdQD3nSfbXYDig2Ub8qq4qyXOYdvtrq024cmOpHJbHB/lcGQcPtc0sN/Iv8lefGPhuRPb7591d1+WW7/wBdaWdEw6DuJe5PuC1wWUV513uboJT7PfRhqjzHWde350o6bUATLHWD207HeYPPkD7qjXoRU2UAbjmN4P1r8apACpI2qZr4iGJ01hTGvbI7/Go1cDYHXQkHl0oCo3B8ad1wKhZx1PgKVPkX7wpqVsYxYnadNKIA9NOe0cu3uorqZD6e8A6EEQdjI0NK9mUlWBUiJBERIkT7CD7aeNcivsNB7e4b0BJJgAk7RrrSd5P9ZM6SZ03M8tjz3oFJmNvHQH/n30mMkLiZIEdNfjvUeY6gaToRMAiQYPZIB16U6gc520jXXl7KakBcwzbDuHurb/SIRQWbYaDmY00POsFUgZyTA5D3DsqLEyWJ+vZ2V2xm4xOaUVJkvE8czmM3oiYAJgSTuOZiNeyq1m+E1KhiRuZ02jL26H2GKBjt09ke3trVHBT+aNiZYHMMoEZTbDBGZuclzpyhG7K5pzp2zaMbVIzUxEJkIEAk9SWOhJ6QIHTvIEVzqSYA7uVafFuGi3as3i2t5QwQLAAHrEmY5rAiTJOmkwcS4a9lbZYr6ahtN1O5VueYBlJ/aFZZqW1l4tEWHEBt4iDHPmAY5So8OVPZuQwYawwO/Qz9GrF7BXLTW0ZTmuKjoARJDmFHKDIgg+6mxGAuI5RlIf1so1OUAsW9GQYAY+wnStFNdGS4vqdBwvyjxFkMQ7OEIzJcYMMh3KmMwjqJECYjbveD+UFvEoGRtYlkJGZdxqOkg67V4yu4zaSJBIMEaifEbjtrrLXEVCqyEKNWJWJk7+l1095ncR06MsuplJtHf4vFFQRNUrnF2QAgeNcc3lKx0dZ/xCI/zCYqxe4jnSVrrjgznk5pnZcP4ortLaHpWvbxAYgDmQPHSvNcFivGuh4LimbEWUkkG4gPdmBPuBqdSCpsqGq06Zy35Urmbid0fdVF/hzfzVyQWuh/KG2bieK/bUfu20Hyrn0XWACT3T27eNeUdoYUQDmE7QN/womIgADX72uvYRMaHSRGg2prVrNoOXQe/Sig6kAwOyY6SaYAMdT8qdJmACSeW80Zb+vy08adDOgE8tN9dI+XtorcBg41kcvfyNIdsxp9ajoDSZRy+u3toWJ3Gw+tqALk4bpe8Lf40qr+b/xL+8tPVb9hf0roWEwYncDYwZHfThJ3NErQJPZHSNZ+XvoiehmkkMAJEnp9bU5YbDp0JPdTEajl+FMojXTu60AJeg/5oltM0kctSSQBHId80zPI1iSemwHQ8v6VCzE0tgLNrEsInlsemvLprT3LoINRLoZXoRJAPrAg6bbGoztWi1HVEYLkO84iN9u0A9B2bmedRG84Bh2grk9Y+odcm/q9lA1zlA7+dR+c7Kzk0yopotPxG4yqjNmVSpVWCkDIuUDaYy6Ec4E7Cr1zjr3GQ4kC6iuzwZUkNGZJH2ZVdI5VkDuo211qMUVbNzHeUNu49m4bTK9u8bjQ+ZWVnFxlBIkHMDA2E0eF8oLa4l75DEMqqMyJIDMnnS2WB6guAGJOYTXOm3TebqcEVmzrBxaw+Jw9zMUS2j2z6JlVQ3Ra5asVZPbR28bYOIQhba2lw4BEqwQqjEaNo7gsBBBzGuQFsijVjOv/AD0qoxr/AEJys0eOMoxF4IAEFxwoWAsKxUZY0jT31XwnEGtmVMidVOx7unsqs21NFWpSjVMzaT5OrwWOW56phuancdvaO2ul8jSWxtgTpmb+G2zaeAry0GvQPyTYl3x6KxnIlxp5+rl16+tXV/lXBxlzRj7NSTRznlXez47FN1v3QO5XKj3KKzz12PUaaREae3xqbiFzPiLzbhrtxp73Y/Om0jQEGdNeXSuWKOgFOoPxGlE7zGw7BsDoCdSTrE092DAChdBsSZI3bXrUakgEdfd+H9argAjbICsZysWA03y5c0cj6w8aDOIII7uRH40ZYwByG3OOsdBUZSk/Av2ErwdYOx5j2Gnc5tT9RS82aY29fnt4zpT3GLIOtKi/N2+9SooVoO5AMRtvt8edCNRtHXqe+prjqSFRSeSzqTrvFJXYKyn7REjUZcpmOmp69KqtxWREct9PDnHv+NSXHJCAgQoIEKAdTJmNz302gWAuvNvhHTtqNbZJC669ASdug3o8B5GMfOkUhpaQO73DxFBbB35dv12VI7swVSxIWYB5Tv8AAVKGwCJHoyYgnmB26eygW3NWbduNuen/ADSynXbTSniFlVsNvIMg7fGh/NdJjSYrSyHKWmYjn9dahtvrqunMj4xScUCZSyRrGgMe3XT3GiW3Imrq2gfbSbBLO/1zqaHZRewdKkGGI3qwVKHqvTsq9YZWE9vPWpxGjFew3IGO6haw1bhAUknQR76N7Y7NevSKeIHPLbMc/Cna2YmK23sgQA3ISYiPvd8VTW6oGqzqdfgYNPHySzP80Y2PWrvDMTestmtXGttlK5kMHKxBIn2DwoGRvHlU9q4SoUmQskDpO/woURiw+HgEbmcxYnkdNuepFJk5D6jen1Oo7t6cKfV3P1zrWlRBBcQzIkAyVnoDprsT+FOUdtcoA6AGNBqfxqV1H2SY6H7O39akw1h3cW0VmYz6I7Br7gaWO472Ku0HvnTaO3nRm6s6DukcuUwYqc2iCJUxmyxqJI3WeRqB7PjzoaaC0wmIME6nn2n8Ij30zAkbDTu5nxNK2hGw7YMax31aW5bZHzIRczSMsZIJkqByimlYm6KOWmqf0eh8KVKh2Fw/+2TvFSXt2/aPxpUqpfUh/YFeX1yoLX9qvf8AKlSpFDcO9dP2hQWd/bSpUugBmpF9R/8AL8aelVIGRD1T9c6VqlSqHyUTty7qZ9qVKhiBb1Pb8qbhP2+6npVBaJOJfZ+ulTNypUqBlfFbeyqabez5mlSoJZIv4/A0Fjc91KlVLhCLB9X21G9KlViJG/lFTeT/AP4ix+2KVKmvsiX9WX+Kepe/9zc+NZZ/s/8AN8qelWk+SIcDXvVH7I+FZ670qVYy5NVwS0qVKkM//9k='),
(3, 2, 'brief-history-time', 'Краткая история времени', 'B0003', '300.00', 1, '350.00', 'Научная литература от Стивена Хокинга', 'В этой книге Стивен Хокинг объясняет сложные концепции времени и пространства доступным языком. Он раскрывает тайны черных дыр, Большого взрыва и природы времени, делая их понятными для широкого круга читателей. Показывая, как работает наша вселенная, Хокинг также открывает перед читателями удивительные теории о квантовой механике и гравитации. Краткая история времени стала не просто бестселлером, но и культовой книгой, меняющей взгляд на мир. Невероятные иллюстрации и примеры помогают усвоить материал. Эта книга стала проводником в мир современной науки для миллионов читателей.', 1, 0, 'data:image/jpeg;base64,/9j/4AAQSkZJRgABAQAAAQABAAD/2wCEAAoGCBMVExcTFRMYFxcZFxkbGhgaGx8gGRoZGRkfGRgaGRoaHysjGh0oHxcZJDUlKCwuMjIyGSE3PDcxOysxMi4BCwsLDw4PHRERHTEpHygxMS4xMTExMTExMTExMTExMTExMTExMTExMTExMTExMTExMTExMTExMTExMTExMTExMf/AABEIAQsAvQMBIgACEQEDEQH/xAAcAAABBQEBAQAAAAAAAAAAAAAGAAMEBQcCAQj/xABQEAACAQIDBAYECAoIBAYDAAABAgMAEQQSIQUGMUETIlFhcYEHMpGxFDRCcqGywdIjM1JTVHOSlMLRFRZDRGKC8PGDhKKzNXSTw+HiCCQm/8QAGQEAAwEBAQAAAAAAAAAAAAAAAAECAwQF/8QALBEAAgIABQMDAwQDAAAAAAAAAAECEQMSITFRBBNBIjJhUnGhFEKBkTPB8f/aAAwDAQACEQMRAD8A2WlSqj3l3jjwmUOjszgkBbW0sNSSLcacYtukJui8pVnWM9Icp/FQIve7FvoGX31XPv5jQ1vwXAcUPMfOrX9PPyTnRq9eVmce/wBiuccR/wArj+M1JT0hS88Oh8HI+w0uxMedGh0qA09IY54b2SfzSpEfpCh+VBIPAqfeRS7M+AzINKVCUe/uFPFJR/lX7GqQm++CPF3XxRvsBpdufAZkEtKqFN78Cf7cDxRx71qRHvHgzwxMXmwHvpZJcMdotqVQY9r4duGIiPhIv86kx4hG4Op8CDSpjHqVeXr2kAqVKlQAqVKlQAqVKlQAqVKlQB4azv0s/jYfmP8AWFaIazn0uG0kJ7Ek94rfp/8AIiJ7AQrgkgctL8r8xXM/rDwX3ComCgs5Yvc3OnIF7NYe32WqXP6w8F9wrubbMiy2Ps58RJ0SFQ2Um7XtYeAPbVs+5mKHOI+Dn7VFc+j/AONj9W/2UV747ywYCASyXYscsca+s7cTa+gA4knh4kA8mPjThKomkIJq2B77p4wf2QPg6/aRTL7uYwf3dvIqfc1VremGfNcYWLJ+TnbN+1a30Uc7j78YfH3QAxTAXMbEG45mNhbMB4A91Z/qprdIrtxBJ9h4of3eXyUn3U02y8QOOHlH/Df+Va5XtC6uXAdtGOPhpBxjceKke8UyTbjpW014yg8QD41S6vmP5F2vkxe4pWFbE+DiPGKM+KL/ACpttmYc8cPEf+Gv8qr9WuBdp8mSpKw4MR4Ej3U+m0Z14TyjwkYe41pr7Dwp/u8XkoHupiTdjBn+wHkzD3NT/VQe6YdtgDHt3FjhiZfN2PvNSE3pxo4YhvMKfetGD7o4M8EYeDt9pNMvuXhjwaUf5h9q0d/Ce6/AZJA6m+WOH9qD4ov2AVIj37xg4iM+KH7GFWrbkYflLKPNfu00+40fKdx4qD7iKO5gvx+AyzI8e/8AiOcMR8Mw/iNSI/SC/PDqfCQj+E0y24p5Ygecdv46GNpYUxSvESGKG1xwOl/tpxWFPSInnW5q+7G1/hURlyZLMVtmzcADe9h21bUKejH4q361vqpRXXLNJSaRothVnHpgTM8I7Uf6y1o9Be/eyJMVPFGhUERyMSxIFgyjkDrqKvAaU7ewp7GVYfDjPxLFTck9/dfjf6KlT+sPBfcKOoPR8/y8Qo7lQn6SR7qB8SOv5L7hXbHEhL2syaa3CT0f/Gx+rf3UMenudjjo0J6qYdSo5Xd3zHxOVfYKJ9wPja/Mf3UKenhT/SC6ccNHb9uQVx9T/k/g1h7TRN1NzsCuCiV8LHIzxIzu6AuzOoYnMdVFzoAdKqtg+jCODFjEriZAqSZ4o1UXC39R3a+YWOU6C4vrRlutMr4PDupupgisf8gH2VIwuPhkd0jlR3jJV1VgWQjkw4iuW2aGfYv0tQxyPG2Ec5HZCRIuuVitwCB2V6npfwvPDTjw6M/xCrX0j7Cwi7PxUy4SFZBGWDiJA4YsLsGAvfU60G+hLYuGxK4rp4Y5chiy5xfLmEl7eOUeynpQahxtX0gYWCDDTyRzFcSjMgVULKEy3z3cAeuOF+dEmxsemIhjnjDZJEDLmFmseFwCbHzrKvTvhY40wEUahI0WcKo4AfgdBXG2N7jDsvCYHDsenlgQOV1ZEbQKtvlvwFtQDfiRToLNC2dvngJsR8FjnzylnUAI+VigJaz5cpFlOt9bV5tbfXZ+HmbDzYjJKlsy9HIbZlDDrKpB0I51j/ovhaPbEEbrlZJJUZexlikVhppoQa79KgX+mJc98maHNbjl6JM1u+16VKws1rD7+bLchRjIwT+UHUebMoA8zRIjAgEEEEAgjUEHUEEcRXzxvZHsgRqcC+IMubrLIOpksbm7KDe9rWPM0Y4DaGKwW72diUkkkywk+skUhBBHYbdIV7Lg0NBZpGM2xhY36OTEQxufkPIit+yTepsbhgGUgg8CDcHwI4184bs7IwuI6Q4nHphmv1AylmdiLlmJIAXzuTfhzuvRTtyTC45cL0geGWQxkA3TPchJI78LkAX0uG14CxlCzdcw4XF+znXVYN6V7DbLk20OHJPgq3P0VoXpN21hpNm4lYsVE7kR2EcqljaVCbBTfgDRQWG9qy/ev43N88fVFSPQNiXfD4nO7PaVAMzFrDJwFzTG9nxub5w+qK6ek0m/sZ4mwa+i/wCKt+tb6iUWUJ+jD4s/61vqJRZUYnvYR2PKqMT8dj/8vL/3Iqt6H9vuyyllYIwweIKsSAFIaMhiW0AB1udO2oXn7FFzWOYrYWKz/F5OXLurTt1J2kwsTvL0rENeTNG2YhiCQ0ShCNNLDgBe5ua9n9c+NPCxXh3QSipAZuXszER4lWkhdFyOLlSBqNNalelDc846JGiKieK+XNoro3rITyNwCD49twT7X2ikEZlcMVBA6vHU2HEiqcb6Yb8mX9kfeqpZ8V50hKo6WZBho9t4NTh40xka3PVRGZbniUZQwBP+E1eejbcXFtiUxeJV4URs4zkiWR+IBF8yrc3Ytx4W1JGjLvjhe2Qf5P5GnF3twf5xh4o/2CpcJ/Sx3Hkb9JKFtm4pVBYmPQAXJ6w4AUG+gCF1GMDIy6wWzKRfSW/EUcjerB/nv+iT7te/1mwh/tx+y/3anJKva/6HmXIAf/kKNMGf13/tUvQxuf6u0Jl/UIR5GUj6F8z+Sa0L+sWEP9uvmG/lTibfwh/vEftt76Mk62YWjHN0j/8A0P8AzeL90tRvSo4G15iwDANCSp+UBEhKnuIFvOtpTG4HNnEmHzcc10DXPE3486bxA2dIxeT4I7Hiz9EzHkLltaKlwGhiu9W8OBnhyQbMjw0mcHpFZbhRxWyqL34a0SbB2DiZ9gSR5WJ6XpsOh4lFylso7GPSFRzJvzrRIcBssMHWHBBhwYJDmHmBerRcZFylj/bX+dDvgD5/3P2ps6JZEx2CaYlro6euulmRgXXS4vx4k0W7g/0NisVljwjwSxsrw5pZDnyWa9s2UMCL5dQR260fbU3e2biGLywQO54voGPzmUgt51M2PsbC4cEYeGOO/EoouezM3E+ZoYGLel+O+1pB2rAPaoFXu+vo2wuEwk2IjmmZ4gpAcoVN3VdcqA8G7aPdsbm4HEzfCJoC8py9bpJF9TRdFYDS3ZVptrZseJheCUExyABgCQTZgwsRw1UUrHRn3oA/EYr9an1K53t+NzfOH1Fo33X3bw+CV0gVlEjBmzMW1AsOPdUfam6kUsrSmSRWYgkDLbQAaXF+VbYE4wk2yJxbVIc9F/xZ/wBc31Eosqn3W2SuGiaNWLAuWuQBxVRbT5tXFTOSlJtAlSFQ/vBNklz69XCYltLX6pjOmYFb+II7aIKHt45MsubOUy4PFHOBcrYxHMBztx8qlAzncjEI+FQK+foy6E5w4BDGwVwiAplIy2RbLlFqkz+ufGluuT8Hj/CCT1+sHeQAZzZRJJ15Avq5m1Nq9xA658azLKjf74o3z0+tWVbcMyxl4msy6kWBuvPiOI4+2tX39+KN89PrCs4tXodMrw2vkxn7ii3b2q0hZJCC3FTYC45jTmOPn3U3t3bTxydHFl6o6xIv1jyGvL7e6oG2MI2HmDx6KTmQ8gea/T7DT27OAMkhmfVVN9flPx+jj42qc8n6PPIUvcEOzzIY1Mls5FyALWvwHHjUiq/be0xCBYZna9hysOJNUi7w4gEEqhW/5JAPgb1s8WMPSycreoV17Vcm0w+HeZBqoN1PJhyNuVcbv7SabPmVRly8L879vhV9yNpciystKVqpcVtlxP0KIp6wW5vxNr8OzX2V1tzbDQyBAgYZA1ySDqWH8NLuxVvgMrLi1K1M4vFLHGZG4Ae0ngB31A2JtczMylAtlvob87dg7abnFNLyKnVlplFejThVPgNtGSboejtqwzZr+rfll7u2pO2dpdCFOTNmJHG1reR7aM8XG70HTuixEjflH2mulxMg4SP+0f51VTbVCwLOUPWt1b8LkjjbuqCN5k/NN7RUvEw1uPKwnGOm/PSftt/OtJ3TkZsLEzEsSDckkk9Y8Sax7ZO1lmYqqspAvrbttyPfWvbmfE4fBvrtXP1OVwTXJWHaeoQ4XgfGnqZwvA+NPVyrY1YqoN4ReS1wL4TFC5XMBrFqVAJYd1jfsq/qk206rMrMWCjDYksVvmCgxElSvWBtwtr2U0I63axbTYdJm4yFmGjgBS5KgdIiMyhbAMVFxYjQ17P658arcBtKKFcLFFGwjmZwpmkZZFJbN6k13fNmYjW3Ac1Bsp/XPjWZRVb+fFH+cn1hWcGtI37+KP8AOT6wrJ9vrM0eSJCc2jG6iy9mpHH3Xr0OndYbfyYTXqB/a2JbETBE1W+VByPax9nsFPbs40xyGF9Axtr8l+FvPh42qw3b2W0d3kWznQC4Nl5nTS5+ymd49kO7iSNcxb1gCBqODa/60qck16/PA7XtIW+F+n/4a29rVc7ZRPghGmUKmX2jLaoWM2bNNEjMuWVBlNyOuvI3HA//ADUEbNxTARlWyjgCwyj6aHmTej1DTTXY72Nf4NiezKPbY3+yo2yZp0z9EpPDNZbkcbfbRBHswx4aSJes7Kb97EWsL8qa3XwUsZk6RMtwttQb2vfgT2ihYcrS+AzLUrd2Mhnu5OfUr2FiDck9tr17viPw4/VL9Z6fx+zplxJljjLLmDixHHiw1Pbf213vLgJZJgyRlh0YF9OOZjbU94pOMlBxryFq7IuNlbFSBE0jRSb+A1Y+PAf713ub+Nf5n8Qq52Zs7ooSvF2BzHtNtAO4VX7sYCWORjIhUZLXuONx2HuqlCSkpPfyFqmiogmePEM0a5mDPYWJ4kg6DXhXe2MbNKFEseSxNuqwvca+tVhsvZ0y4nO0ZC5nN7jne3PvqVvVhZJFTIpazG9uVxUrDlke/wBgtWQsb8Qj8R72qTurh0aElkVjnbUqDyHbXmKwkhwaRhCXBF158TUrdjDvHCVdSpzk2PZZf5VpGLzK14E3p/JPgwsaG6oqk8wAPdWo7mfFIvBvrtWaVpe5nxSLwb67UuqVQX3HDcIsLwPjT1M4TgfGnq4lsas9qn25AxJlAQhcPOpDHqkvkKhr2GXqG9yKtxUHbUhWGVlBJETkAWuSEJAFwRfxBHcad0IEtmBlGBjYxoRJLmSNokVgkuU5YznuMzIeqwOvItYEWI9c+NDfwZY22bCUYWkkVUmkSOYBCHUmPDqY5FGVddNSlz12olxHrnxrMob21s8TxGIsVBINxx0N+dUH9SI/z7/siiyoOH2nE7ZLlWN8uYWDgGxKHg3Dhx7q1hiTiqiS4p7mdY+TZcUrxSYqYPGxVgIHIDKbGxC2PlTHw/ZP6XN+7yfdq12/vRio5pY0lsFkYKMimwDEDiuvCqObfXaA4Ygf+nH92utQx2rsz9PA+MZsr9Ln/d5Pu178M2V+lT/u0n3arH362l+kkf8ADj+5VtuzvHj8TJkfaEcIAGsgjGa5tZBl6x52uKMuN9Q6jwc/DNl/pOI/dpPu178L2X+k4n92f7tR9v73Y6KeSKPGGREbKHyRda3E6Lbjf2VBO/G0v0k/sR/coyY31BljwW3wvZn6Rif3aT7te/CNm/n8V+7Sfdqm/rvtL9Kb9iP7lervptH9Kf8AZj+5QoYz/cPLEuen2b+exX7rJ92l0+zvz2L/AHWT7tVQ3y2h+lOf8qfcpz+uuPuP/wBg+ar9OlV2sb6kLLHgsem2d+dxf7rJ92vOl2f+dxf7rJ92qybfLaH6SwPcqfdq63Y3/mjBTFB5bnMHUqHA/JK2Ckadx1NTKGMluNxivAx0mz/z2K/dZPu14ZtnfpGJH/KyfdrzeLf3FSNaC8EYOlrF2HLMWuPID21SPvptL9Kf9lPuUsmMlbYqjwXXwjZv6TP+6y/drRN0njOFiMbs8fWysyFGPXa90bUa3rJsNvxtAG7YhmHYVT7FFanuLj5J8FFNI2Z2MlzYDhKyjQdgAHlWOKp5bk7RUUk9AjwnA+NP0xhOB8afrFbFMVQdsECCUsWUCOS7L6wGU3K945VOqt3hzdA+QSFraCNUZzqNAsnVYdoPK/O1D2BAhs4lBgUSREXpJg0chQMAJlsALyBmA6gKuBmcEcQFKcQOufGg84AL8DUYeVGkkPStHG8JVzLGbsuHXowqlAVMl7hB1jqSYz+sfGoGOSyqguzBRcC5NhcmwHiSbUPuiJP0MikRyOcsbssiuzahwrDPHdr8CdeIHGrbaPTC7R9GyhbmN9Dca5lYX7tCOXEVXRbRVSzZZklZMxiZXZGbS5TLmtfhcEWvqL1rBaaEszveeNUxEyqLASOAP8xqhlbWiLetb4mbS34V/fVN/RGIZgBC/WRpFuLXjUXLgtYEWr1IOooz8lxs7ctpIFxDYiOMNZsrG5CE2zGx46Gy21ta96FZlsSL3sSKk4MXbS1++mJE/wBdvh206euo0RyalSxBFUhgcyX05a2IPYRaozJSJOndw7uf2mpTodHhpyEEnQXrmnoTl11B5f700tRjjKV46Gu4Iwdb343Gulc4lHBGdWBIuMwIuDwOvEd9OMcsfzjbyHH/AF31bZSRHabrXt/t2aUvhPYANf8AQrrDwlgTppXc+AZdTYXF/KpbJY38KJ7P9eNHO7+48MsUcs85Uy6osYFu2xYgjNpw99AjxZeqRrp7CLj2girzdveXGwWghfMGawjKhusT8kcjfkNKzlma0ZLJO+u5pwi9MknSRZspJFnRuQYDQg9v8xc99F//AIbD4y/956EcdujtWYGSQZixzFWkW97WvlvlBsAPKjbcDByQ4KKKRCjq0t1PEXlcj6CD51zdQ08NapuyohNhOB8afpjCcD40/XKtimI1T707dgwcQmnLBC4W6qWsSCbkDUDqnWrg1xJQ9gQI4L0i7Kk0GMRT/jV0+llA+mrmY3Ykc9aYwUUGLR2kw8bBZZoiHRXv0UrR5tV+VkvbvqRMLMRUDOcTiwpKKCZMtwMrFRe4UuVBygkfQaqMcg6YsZsjFo26yuVUqBfoW9UhhdSLa3PhV1isIj2LDUcGBIZfBlIIqvwmFnjDok1grEr0iZgVbUagqbg3B1PDsIrWDSJZnW88+XGSkqGAmYlTwIDcDbka52rvPipYmjYgJJm0UWsp+QGtfJoNL8tav9obBj+FPNi5UWNpGIjUkySX4WVblQT3/wA6Etu5Vfo0HUUtl/KIPAm3OwFelBxkl8IhLUp5FynXT30sOoZhmNhY+wC9h7vOncVlKx5eOWzeNzqfL3Uy0RtetgOJyL6cKf21suXDsqSZQzIr5QblA17Bx8ltL27xXmMwLxiMtb8InSKOYQsVUnsvlJHdalFhnc3NySbknUk+POs5alxi2e4XaUyQvAjFUkYM1iQTZSpFwdVIOoPGw7KZjRiR3W493CrrBbGJ5VaR7JC8RrUZ0jWOC2QsbisTjWjWVgxXqroFF2IuTbTWw17hUnE7sSSYgYeN0zJFmOYkC4OoAAvfUWuOGvCr/BYARRtMQBlFk+efVPl63lQ2yZDmzG/dp41m51sX2/CK+LY8oYoQRlYqezMDYjv51I/o5hYB1LcLN9hv41dbsQGaUoj5LJcmx4ZgOWvFhc8hc1EOOU3UcL37/G/bU55NjUYrQHNo7NlW7HVeObx7O3hXOwMacPPHNYMY3DWvxHMX5aXq92liUfD5dbgm1+7x5UP7MxZimjmWxKOGAPA2N7HurbdWc01TNLl23s6Z+m+F4mBzYlFLWuB2BWXlyNqLdl7RjxEYmjJKMWAJFicrFCbeKmgrbe/+H6hhgSQEHOJEsVPIA6g8/ZRTuftBcRhY5liWIMX/AAa+qMsjKSLAcbX4c648aPpTp/2KO5f4TgfGn6YwvA0/WC2KYqbl5U5XElD2BADsDBBdrzsMEisA0jYiPEMQVleRU6SFtOkYxve3qkUV4j1z40KbDwijbEzHAwxuM7fCElYO6SE2cxHquSwKsRqrDlcXK8R658akY4JlLFAy5wNVuLi/C44gVTYDaLvbOiy5TfNCRmRhoQ8Za/M9YEgirFB0TP1SVZ891FypIAIZRrbTQgHTjwuaLEZDiMyIsrZwQFRLAX4F0s8bjj17g29msIp2S2Be1y746UhSpEhNjrbX5Vqq9po+cMbi/tte3PjzrTcZkIxEMMfSvnMkpYCyM3JeBZgBp2e4Kx2CvJY+PDnxPvHtFd+HO0OCB0JZbZfPn/rWvGLWy/T3UUnY/dxFS0wOGjjzObyWNhbQMQQL8j2+VX3EjRwBaLDs9i1yQAtyT6qgBR3AAWq92ZgBUcYhEAAA9/jUzC7ZCqVWNLn5RFyNe/7KynPg2jGtgl2dgltYDWrE7NHYAO06UIvvFIBbPb5unuqBjNoysuctZTezMbAkcQCeJ7q58rkwla8l/vrjFTLCpFlUE/OPb/rnQBj8dx1rzF4osbCRTc6EkgeN2AAHjaq3aWHljbLItiQCNQQQeBVlJDDvBNaZaRk8RJUix2HthIpc0kZkQqVKhmU2PMFSNdLWJtrwpjC4o3qPsTZkmJl6KMqGys3WNhZVLHXlw56d4rzDLraqjZmpalrj5z0FjzOlO7m7sPjWkCyLH0ag3IJuWPVGnAaHX6Kgxo+ImjhS2Z2VF5AX01PZRJDgNpbM6QqgKOtmdRnTS9je2ZCMx4241T4T1InK2V21d0cTh7mSO6AeuvWQ+Y9XzArR/RzEVwEQ75D+1IzfbQLsbffFwgBmEqfkyXJt3Px9t60jdXaCz4ZZlQRhmfqjgCHIPDwrLqFLJ6l53FB6l5heBp+mMLwNP1yLYtiriSu65koewIANhYSMbXmZcEiyLnd8THOShSUsI80JP4xjG4YAaFL8xRXiPXPjQjsN4G2vKxwsKOWxCJKjnpS0eXpOmivazhsytbgB+VRdiPXPjUjGdo7Jhl1dOtydTlceY4+d6p5diRxHPJH00Y4yFn6RB2subK6jnaxHYaJa8ljVwVYBgeIOoNaRnJaXoS4oEdpbQwmElnlRzJiJCVKDglzrfS3EA8zoKHZcYkioLWKnlxC8NfDson2XghFicZi5lQRZiAzC7G1r5OVr6cNToOdBe8GIeWUzCLo43PUstlsulyQLE9p7a7cJJ6fbX/RKllZYfD7JYSDhppqO0Gq2dy+guxNu/wD2qsmmZCQw4gcfbevYto5DmXiOHZWvbRo8V1oSd6cP8HnMYN+qjcbkF0DEE6XsSaqDjT21xjp3kYsxJJ4km9SMXseVIkmORo3sAyMGCta+R7ao9uRrPL4EsSQ9sN+klAYZtDYZ8mo4dYg2tx8qi7exDNM5Zs1jluGDCy6CzgAMNONtajpIRa3LhXMjXAFgLE621N+08+Gl+GtU0ktCW3ZHNWOCkV4+gk0AN0fS6k8Vta5B7MwAJvT2yPgojfpUkeQ9VLEBUBtd+Ny4GawOnC4NWO3Mdh2WP4PAsWUdY2uzaW1Jv76UYtktlViMUOhigEYUx9JmkB60nSNfKbAXUADQ38baU1AjXCqCWPZx8ABV5gd2MTLh2xSICgJsvy2A9ZlW2oHt0NhV3u1vHlWDDYSBUmdssjt1r68Qb3ta5N+FtL8aptJen/g7A/DSyYWaOZSpdSGF9QD2MKv4N/saJmkzKVYi8ZF4xoB1bnMvDt51Y+lmBHxCdHH1gn4RgLAknqg9pAHHvHZQK6ZeNEYqSzNCDfE4rD4xwRCkcjcctgCeZJ5+Jo03Gw/R4VUuGs8tiOBHSG3HurGtmzIJF6QsEvqV4jTiAeNbNuSUOFTI2Zcz2Pb1z2Vj1LXbpcigmpBFhedP0xhedP1xLY1YqYxnqN1svVbrfk6et5cafpqdAwKkXBBBHaDoRQ9gRne4u2kxeMzphIuljjZcTjFsOksTHGYR6zI5ivmI0Ay9lzPEeufGvBsqDpYZUUK0KvGuSwURsLGMgaZQVUgcivjXuI9c1IyRStSpUAZzv3tKafE/BEByowUKOLuRxPtsOzWiLbu1zgsGkbFGmKZVVRZBpYkr+SOHefOujgocJJiNoSkFmY9GOYFgAF/xNbyHnWd4/GPisRnlcLnYC59VFvbTuAr0MOKmkvC/LMnocbxrnEcwFgy9bW4zXJ4Dgaoytbdh8DgocM0qRI0YQtdhmzAC3yr8eHnWb7M3anxZd4lUANrc5VBOuVRWkMSMreyXIkq0BuNNRerraO0VGG+DpazyCRzaxJAsAdOXca923u9PhbGRLAnRgbqe644HuNVWMQXFjpbgOR7K19LjoHkg2or3Q2HhMTE8bSOMUVcoDoi5bFTf5V78O46cyNxoToOdX+7G2Fw11eMX6xV7dYFgBY9qnKKzcG0OT4BsplJB5GlnNeu12Jvz+2m7UrrYoIdib14uIxqspZI7hYz6pU8VNtSNNOzlVtvnEFePHYciPpLE5TYq5F7ix0JF725g9tBmEnaNw6mxU3olxG3xLF0ckagaW1Oluwe321UUrtESuz3A7wYknMcsg4dZQde49v8AKrDeCKKaESOojltytdj5esOPeNL86F8NimiYlLagjUAgg6EEHQ8TTond+JLE8ed/Htq61slxplbNHate9Ff/AIdF8+X/ALjVmn9GzMNIZD4Ix9wrUfRzA8eCRHRkbPJ1WBB1ckGx1rl6tLJpyaxCrC86fpjC86friWxTFXEld1zJQ9gQB7G2a6bXmmOEeJHHVkjlDRO15GeSaO90d1aOwI0KcdaKMT658aEtg4GZNsYho8jROzPLIswLFghAikivdWUypY2sFUc2NF2I9c+NSA+K9ryvaBmZb9DGzYh4xDK8cbWjyRsVsQCTcCxPK/dUDZG7OKeRA+HkRSwzMwtYX1OuvCrv+ta4SfaXSGWRhKDEoV2RQIxYFvVjXMeZFPbLx+IwsGAwsSJiZsTHLIZHkOTPYSs2cK2ZbOdR+SAONda6mUYqKSM8qYQ704OZ4Ugw6DLoG1AARRZV1Ov/ANal7LwPwfDiOIKXAvroGc8ST2fYBQ4N6pnwrOzYbCyx4l8PKZWZowyXv0SrYyMdLLcczrbWvG8OOlweKnTERK2EaTMyRErOoRXjKiRrxfKB0N7js1xzuqHlV2Gm28D8Iw7RNYMyjvCuNbjna9BkPo+lH94QXFjaMt72FPS7VxeHmwIknlxSzpPI8ccMYc2iiKIqoBcKXY3uOJvwpmDa7zYWMvNiTLicZMEiw7KkirHm/AF5MuQIqgkgg34E04Ys4KosdIeT0ci1mxTH5sYGvm5p6P0bYYetNM3mg/hND0mNxHwaWIyzEJtGKHommvPJG6AmATpfXObk34Kwvyog9HkBjxWPiMbRZTh7RtK0pXMjH8YxJa97917cqbxp8gkh5NwNnLmLGQhfWJlAC2FzmygW07a4xW7+xYFR5WjRXF0aSdgHHG63ezDUajtqi2hHNLJtbDRhliEjyyuOLZcOvRQrbiWdbt/hW3yq62J+AdJcRg5Z0k2fhI4skJlylI7SwkW6hZjfrWFRnnywLeZ9gxMUPwcsvFes54X4C/Kn5MfsaKboTHAHzKpboLojOLqryZCqMewkd9ql7Rw0jbQwEywsI0jxOfQfgzJHHkV7aA3BHkaHMZsLGtDitnDDdTEYt5fhRdMgjkkEhZlvnMgC5bWpZpcsdF3tDezBYeSWP4PKxgIErRQXSIEAhmYWAGvjodNKnyb0YZDiMxKrh44pGewyuJgTEIwDcsbWtbUsKFJ8LjJsRtbD4eOIpNIkbySOQY80CgsFCnN1SeYsaucLueRjGmdw0KxQLHHrdpYYzGkkotbq5mKgE6tfTKKVgdLvoZFw4hw+d54nlCySrGiRo/RnNIVbM1+QFW26O2DjMOMQ0YjJeRSgbOB0blNGsL3y34VTbJ3LVRhExDRzR4WGRBE0d1aV3v0hzaEBRYAjjrV3urscYSAQBw4EkjghcoAkkL5QtzwzW8uVIZeYXn5U/TGF5+VP01sJiriSu64koewIzbYGAttuaVJMM3WkDhGy4hbhyVkjb1hmdestxaNKNsSeufEUObK2dOdqS4rosO8LZ4+kVSs0bxjKM2Ya6fgyVNmAQn1aI8SOuakZIpUq9oAo9ibGeOfHPJkaPEyKyqCScoj6Ng4IAF+4mhKTYmIw8+zcMmJVZIhjOjlKZlCWDKroSM3VJXj2EU1vzj+jnlZi5UMosD2qOAJtVBBtNS6o0UiF/VLCwNvOulYK0uW/wZOfwHA3YijjjP8ASHR4hJpZzOBH1pZhaU9E91AsAB2edO4bAYKODEwSY1pRiixldmQvdkCMVyLYcOzSs6bbD2dkgJVCQxzCwA7NNfsp3FbUP4MRhc0i5rubKq9/fx9lPtQ5YZ3waTJjdnB4JDIzPh0ZIiA+gdVRrgABiQg41XYybZLh1bDtIHlMrCx/GsLM65nGQkAXy2BoBXarmOW+USRgarqpBPEVzJtgnDZh+NPVt2MBctbstr501h4fLFmkaBhtqbOjAEWCChXEijIgtIq5VcamzAaX40+d7kDMyYYBmtmbMAWsLDMQtzYaa1mU+NkZYEzP10zOyC7m3IeykDMsUwbpMmS6NJ6/eP8AXZTyYfAXLk0iTfST5MMa+JJ91qjPvjiCSB0QPMBSSPaxrPMdPI0EQaIqoMVnLA3006o11405JMwxMyR+vJkCnkoy9Zj4CqqC/aL1ch5svefESzonTKR0qK4VU5sAVJtcaGjWfGlXKhb2IFgetqAc1rep1rX7ayDcOPLPlvfLikFzxNmA1rXcUZg5tIippa5Gh6t+IN/le1awxq0aVFw8jKSCOSUpAMzOCxVbFyEFi7C5J4KLgeNqeGMk/MN8kgi9rNbNfQagHhUNGkKDNiVF1UGxBs5DcGW3E634dUi3OnIV0denMhAjuCpIGViD8rXMVIvfWxrA0JMck7EdQIDxJtcdY3+VxtbS3Pjyp7BmTL+Ete/LwF/+rNbutfW9VuExkMYHXZ2KrfQD1VzX1I45u08AKuKQEjC8/Kn6j4Xn5VIq1sJiFNYlwBc8ACT4AXNOiqreXa0WFh6abMIwwDMqlsobTMwXXL227aHsJA5uvh4WnixazTRy4uOScYcsejeMhPWTVcy9IhBBF7k2OtEWJ9c0M7qbIZpYJosdHPgoVk6BAAZFDrkEbSD1lRbgXsdACNNCbFeufL3VJRIpV4K9vQBknpSBMk9hfrp7lodwoLTxNH0rZSczSjQAj5NxoeP0VqO3N30eeSV8THEGINmAuLKBzcdlVb4HZqfjNpxX7pIx/Ea61OGjvwvHBjllwAGEeXJLGkWYPI4zXAAJ0N791qkT7LcdEyhHKJlZX9U87i/eT9FE+Hk2Dhw18ez5nLGxLans6OPhUmPbuxv7ODEzfMimPvIpLEhWtjysGPgkjQyIwiRm4BBYAdhPPhXn9FJq17OYshPyb5cpa3G9u+i+DbMTfith4tu94goPnITUlNqY/wDstgqg7XmiX6AulDxocBkfIEHZIZIlDsHjFldND36a1Mw278pR0yTSZ/WYhj7NLCjQYvbbDqYTBxfPlZrePRikMLtx/XxOCi/VxO9vDpDS768L8jyfINDdad0VDh3Krltc5fVFhxIqXBudicxfolVm4sXW59hPZVyu7m02P4TbDgdkcEaf9Vya8G5BY3k2ntB+7p8o8go0pPqJcIMiI+y9z5o5UkPRKBIrtYm5swJ4LqdOdFGOGHzZpXjBH5TgDWwNwTbgAKoT6PcC34zp5f1k8hv42YU9h9wtlpwwcZ+cWb6zGsZ4jnuXGNDku3NlxizYuC4A1Mqs3VFgbgk8OyoMm/Ox16gmRuF1jhkYGxuPVSx1Uc+Qq7w27mBTVMHh1PaIkv7ct6soY1XRVVfAAe6otDBNN9cNYdFg8ZJbh0eFbsI0vblp50R7E2gZ4hKYZYbkjo5lyyCxtcrc2B5VNvSvRYx/Cc/KpAqPhOflUgVa2JYqbnFxanK5Zb0PYEBu09xMO0hnwskmCnOpeA2Rj/ji9VhzsLXq6kBBsxuwC3PC5sLm3K9WhQ1WYyQZz4j3VP3GSqVJQTyPsroRt2UgKDH7n7PlmeeXDJJI5BZmLG9gFGmaw0UcBXcO6ez14YLD+cSn6wNXwgauhhz3U9Q0IGH2fBGLJDGnzUUW9gqTenxh+/6K9GHHbRTCyOaVShAvfXXQr2UZRWQ6V6mhB2CugKeULINj2UhG3Yan0qMoWQhC3ZXowx7ql0qMqCyN8GPbXQw/fT9KnlQWM/B1766EC9lOUqKQrOVQDgK7pUqYCpUqVACryvaVACpUqVACpUqVACpUqVACpUqVACpUqVACpUqVACpUqVACpUqVACpUqVACpUqVAH//2Q=='),
(4, 2, 'origin-of-species', 'Происхождение видов', 'B0004', '350.00', 1, '400.00', 'Научная литература от Чарльза Дарвина', 'Происхождение видов — фундаментальный научный труд, в котором Чарльз Дарвин изложил свою теорию эволюции. В книге подробно обсуждаются механизмы естественного отбора и приспособлений, которые позволили различным видам выживать и развиваться. Дарвин детально анализирует исследования, проводимые в различных регионах мира, и приводит примеры изменчивости видов. Этот труд не только изменил научное сообщество, но и вызвал глубокие общественные дебаты. Для книги характерен академический стиль и множество примеров из природного мира. Происхождение видов остается одним из краеугольных камней биологической науки и по сей день.', 1, 4, 'https://cdn.ast.ru/v2/ASE000000000832788/COVER/cover1__w340.jpg'),
(5, 3, 'sherlock-holmes', 'Шерлок Холмс', 'B0005', '450.00', 1, '500.00', 'Детектив от Артура Конан Дойла', 'Шерлок Холмс - это культовый детективный персонаж, созданный Артуром Конан Дойлом. Каждый рассказ и роман о Холмсе наполнен захватывающими расследованиями и удивительными дедуктивными методами. Шерлок Холмс и его верный помощник доктор Ватсон раскрывают самые запутанные преступления, использую ум и логику. Захватывающие приключения и яркие персонажи делают эти рассказы поистине незабываемыми. Конан Дойл умело сочетает элементарные элементы триллера и мастерский стиль повествования. Холмс остается любимым персонажем миллионов читателей по всему миру.', 1, 5, 'https://img2.labirint.ru/rcimg/4490b12e91e968d414b644408792f02f/960x540/books73/726120/ph_001.jpg?1573896352'),
(6, 3, 'the-big-sleep', 'Глубокий сон', 'B0006', '280.00', 1, '320.00', 'Детектив от Рэймонда Чандлера', 'Глубокий сон — классический детективный роман от Рэймонда Чандлера с филиппом Марло, частным детективом, в главной роли. Марло сталкивается с жестокой преступной средой Лос-Анджелеса, запутанными делами и фатальными женщинами. Он должен распутать клубок лжи и коррумпированных дел, полагаясь на остроумие и готовность рисковать. Чандлер мастерски описывает атмосферу большой американской города с его пригородами и грязными улицами. Тонкая психологическая проработка персонажей и неожиданные повороты делают этот роман поистине увлекательным. Глубокий сон остается культовой книгой жанра нуар.', 1, 0, 'data:image/jpeg;base64,/9j/4AAQSkZJRgABAQAAAQABAAD/2wCEAAoHCBUVFRgWFhYZGBgYGhoeHBoZHR8cHxwdHCEkHBocHBwcIS4lIR4rIR0dJjgmKzAxNjU1GiQ7QDs0QC40NTEBDAwMEA8QHxISHjQrJCs2NDQ0NDQ0NDQ0NDQ0NTQ0NDQ0NDQ0NDQ0NDQ0NDQ0NDQ0NDQ0NDQ0NDQ0NDQ0NjQ0NP/AABEIAOEA4QMBIgACEQEDEQH/xAAcAAEAAgMBAQEAAAAAAAAAAAAABAUCAwcBCAb/xABIEAABAgQDBAUKAwUGBgMBAAABAhEAAxIhBDFBBQYiURMyYXHwFCM0QlJygZGxwTNzsiSSodHxFUNiotLhBxZTVGOCg7PCRP/EABgBAQEBAQEAAAAAAAAAAAAAAAABAgME/8QAIxEBAQACAQQDAQADAAAAAAAAAAECETESITJBUWFxAzNCgf/aAAwDAQACEQMRAD8A7NCEIBCEIBGKlAZkCPY4TvahSZxJUokqVdRJdjo6QNdCYJbqbdy6VPtD5iCpyRmoD4iPnLD4hVYALEsM2zOp0HbE3EzkIIQtUypgp0kKFKnCessX4fhC9kl27/06PaT8xDp0e0n5iPntOLlcpr8L9TMZ/wB5/XsjwYqQR1ZmRYinXqn8Tsib+l2+henT7SfmI86dPtJ+Yj578skBT0zc3bhyZmsvmCYzO0JNIdEzJDnhzF1f3mo17NIb+jf4+gfKEe2n5iHlCPbT8xHzyjFSQDwzDZWic9D+Jp/DtjYvGyc6Jlik+rkLH1+cN/Rt9BeUo9tPzEPKUe2n5iPnlOPlM1C7BnFOdTuePOzeHjeNoSKupMZ1FuHIiw6+QIJb6w39Jt3/AMpR7afmIeUI9tPzEcA/tGQ10TPV9nS6vX1HgRmdoyACAiZkvVNiS4PX0Fv5w39G/wAd96dHtJ+Yh0yfaT8xHAVbRkf9OY1T5jJmbr8/rGKcdIYuiY7JFinN75r1Ab+UN/Rv8d/8qR7afmIeUo9tPzEcDTtHDf8ATmMSr2fWDJ9fQjL5RJRtHCpIeVNPUsSn1RxDr62MN/S7+47p5Sj20/MRtjhknFSlVKRK6iCfOKDErUWUWUQWpUGJ5d8de3ZDYaUNACB3OWhLsW0IQiqQhCAQhCAQhCAQhCA8jhO+aEpmqIWFHpJjh0lsmyJ5HNo7vHz7vb6TO/MX9TDTOXCqwBrnIAHrIyTXmfY9bu1iRttHnSBpLlk2H+I/DxziHs9ukS7M6XqqAZ/WKeJu6/KJm2iDOcG1CO32s3heUnjVaEEuRZg9rOwcMNQWb4xm7sNAMvn8f6QIAYgFI5ad+bZxvTLChYF2cgM1n1f4N2sO226Zk2jUi17MPv8ALnGakBuV/t9oky8LcBl3SDYO4UHez5v9ucZJwrGkhYqOqWfPJ9bvE6ovTUVSBnlY38fSMaed7j6xZeRpIKuNr3KOYJzJbn/vGhWGfRfLq53yA11+cXqh01ESHOb+D4+EehPboLd7+PhEleHbNMwOfYbtdn5K/j3vkjDf4V5ZBD6kXD218Zzqh01EWAH0ufpGbBuVjd43jCcgtznwjuzdtf56wThhmy9fV5i+Z7+cXqh01oSl87358v5QYObv/Uj48tIlpwZUAoImEHI0Eg300bSMVSBqFh1AXAFzlmR7XyI+Lqh01FXYWvkwzY3vlzj0uljmz3Z+wX1J5aP2xYrwNElM4E/iKlsQ1JSErqzYvV9++AkBnIz5tw3dxaw05XHOEu0s0t9jpNEwXPBLHCAr1pmmRy+Mdr3a9Gle6fqY4nsYCic5HUlvUS2a7Gm5+Edt3a9Gle79zGZzXScRawhCKpCEIBCEIBCEIBCEIBHz/vaP2md+av6mPoCOB74j9pnD/wAq/qYsZyUWAcTUsSC6GIISQX0UqyT2mwiVtsee1fo5d7Z3zb7RFwKSZqQzupNqa3v7Hrd2uUSdthppH+CXo3OzaRL5JPGq8KDC3j5938YsMCthYqPC7As1yNHvcNln3RXlVsxp9ef37YlyySnmejJDHks1Eaki5a1gdIZGPZLKFULPVsCeFu8kpA1a3aTkI2CgecLoS4uOKsFzxArIqDaWDZXYJCUAFaiKRZCQocQJIdKdCGSWyBT8IrVFUwgEkpGZ593P+vOMSNWrCXiZIqda1VCwoSySCCCOO9nGjvzEa+llUlPSLJcEKoS6c3/vO4jlfnGpe0JiTTUk9xdux4xO05h1Hyi6Tqkb1rlFCU9Itw/HQlyDoePPTPIAc38XOluClawwD8CWJFiSK8izsXzOjR4jaM1vV/dEYjGrJuoX7BF1TqiSMRKrrrXS5NFCWY8zXc8i2g5RhKmShWStbEMBQnhu4I425g86ic7w8vUNQfhGzC4qsmugpIIUNbhnAGZbxaJZpJlu9niUpT1nUFBHEXBUygSCAo8IZrAkFLaPEqSVlSSQQVEPwhzcVquMjxZWDZjKK3DzlSlhKyaXcs3GLZPqbOO+N6gEJUEqrBIpKV9ZRYMEA9rks4BAsS8SxqXSbtCYVYJDl/2ld7Z9GgmzBkv8YoAQwt/HlmfHbF1tJdWGBDXxK2Li7IQ9xocwMrxSVOkX5Wbx8+3tMbx4Zy5XGxFMiazjgl5KCdV+scu/vjt27fo0r3fuY4fse6JuvAj1azmvJJjuG7fo0r3fuYk5rU4i1hCEVSEIQCEIQCEIQCEIQEbGrUmWtSQ6glRSOagCQPnHAdu46dMWekJIcqAOV9QI+hTHAt6FgzSyQllKFn59vdEt1Y1P59WOV3xFNhW6UOzOl3JAZ7uU3A7RflEjbavPEjKiXzPO9414AHpUs4LpYghJ62ijYHtMSN4B59Tu4RLz+PK3yi/7OU8aqwLC3h/HyibIlghBCXW1k1EOXPxccgQTpcF4iWAHj+MWeEIKUC1TGglNeajYpvmXax15uGRHuOdpLpAJqdLf405hT5i983jSvFAVAgu9iCzC/wB6fhEnHpUFSQvrCqpzfrhnPc0Qp0tyT2n6xJJS2xGnLqLsRlmX0AN25uctYylo1jBQjdKLBo3pje3ikxqFo3zTGkm8AK7Ruw2JCQQQSFFOSmyfsL59hEaFB49Slolm1l1dxc7NKJsxKCgFJAKgpjxPdmHb9Yh4BazLFCK36xY2BQh3UCCkc7gEZ5RK3dDzh2D6ERCwUlZlppLAHidyOohnQASddDGda7N890rFJAwyKTUBMWbGqk0pCrgaML8mOsVmSRbx4f5dkWeJWg4ZBRYCcvRnVSi7ObMx+LaXqwAAPH27ouPCZLbZZFEzIcCLEqbNfs3Mdy3a9Gle79zHENiPRNYkcCLhQTqvMm0dv3b9Gle794nutTiLWEIRVIQhAIQhAIQhAIQhAYmOAbzDzy/zFfUx3+OAbzfjr99X1MZvMd/5f48/xW4QedSBqUerXr7Hre7rlEnb/wCOr3ZelPPJJyiPhG6VLszodyQM9Sm4HaLxK3hHn1e5LyLjXU5jv5xr28s8aqbsPFn7otJZXQhLMlSVmsEBuIguVEJbJwSAeDLWrJyt4+XhotUpPRSyqmhjVVUSDWulm4nYKIPvPrDL0Y+ydKA8nSCFDiAI143PZYlrfxiKtV1jko/WJUwpfD0k0uWqZx5y7tbOIWILLWc+NV/jCcmXDWU6xmhBj1BEWuEwCVBF1caFKJYUg1KSlL9tCj/SNW6Y1tUURhRH6A7GBKqVK4blwBSkhKg4J67LSkpGSj3tpm7HTSFhZNQUzANV0a5qUqcuCQhiwLEHsfPVF1VGhMeg3i52ls1EtBKS5TMKHPrCuch20/BBt7ZGl6YiLLtLFtu8B0oB1Fu9x9niFhpaFS0FaqeIsABfglvckJS3MnXWJu7aXnB+Vu9xEPCFHRIrCialUt1epL696myy7YzeW5wm48qOHRUgpImzAQS5UyUXy6xsHDOQTqwqgCUh7+O7w45RcbQCjhpVdL9JMamwopQUnLJrB9AkaRUgWFm8f7fwi48GXK02Qk0TczwIyQF6r5/X+Udv3b9Gk+4I4fsoCidVSOBHWKmd1+zcnsP847hu16LJ9xMT3WpxFrCEIqkIQgEIQgEIQgEIQgMTHBN5loVNJQ11KLhVWZtbSO7YiUFIUklgoEEjtDRwfeDZfQTVioq41IPCQHB5nnnEs3YszuONk9q7AFp6Gd6kMxCS9VmUqwPabRI3lUTiFu/VRmz65taIuAQ89AZ3Ui1Nb8Xset7usS95kNiFgDJMv1aWz9XTOF8o5zxqqAcZ+Pl4eLYS1dFKW6yAhYoDcQrU5ZT8IYVEgsaTq4qmtkMvFvnFuQgSpCuGsIWUhRKQQJi3JIYAjTiY31ABZ+jH2xJCjhilLAlTJd/7wasBmOzOIuKSAuYP/Iv9RidNmLUrClY46lPYJ9cAWHYBEHHhpkz8xf6jDHlcuEZFo2omHmfnl4c/OI5MEmNua0lYWpIJWQ6aywdgFmWPWDqcAty1s0NpYJUkJeZUVEghNgDQhZINRf8AEbIPS+rCvExQDBRAzsSL5P3sT84VEgAkkDJzYaW5WAHwETV21209VNPtE/HxzPzMYM8eKMZy4rKz3eT53uSfqIjYJRTLQyKyVqAsCoGiV1QpKg5ceqTazRZbvfiEc0//AKTEbZaliQmg8JWsLchKW6OWAFKJDPfURi8uk4SNpyinDSwVlTzphBVc3CHSbliFVP8A4nz1paXAbx4+8XW00o8mRRcdNMfOxpQCzgWsG7CHvFIchl48Hw0MeEy5XOwyQjEMT+Gh2UEarzJ78tXbWO07seiSPy0xxbYksFE+xJCENSgL1Xpp3/HSO0bq+iSPyxCc1qcRbwhCKpCEIBCEIBCEIBCEIBHCt9FnyiaHLCcuz9qo7rHCt9vSZ35q/qYsTLhQ4EjpkkszpeoqAZ/WKeIDtF4m7zF8Qo2PDLyLjI6m/wB4i7KB6dDO9SGpUEnraKVYHtMTd6UtiVO/Vl5s+RGlvlGb5RmeNUwTbx45ReoUOhw6UhQWpEylaU1FLTFuGAe+dQummz1ECj5X8d3jOP0FCjhpCVAGWpMypddDUzV6kN/6kGphqkUs/S4e2uZLUFYULVUqpbqcqfjSczd2tfJmiu2kfOzR/wCSZ+oxZLSkKwgSqpIWtlMUvxp0N87fCKzag89N/MmfqMTHlcuEWPUCMFR6kx0c0ikR6tIaJOEwBmAUGo6hIekDIqa4fu+ojVipNDXvqk2I7x3XvzibnB03lFpj2PCYxCoqL3dgvOHMBx8wPvEfZslSpCKVhBExdhVUrglWSlINR7O2Nm634490/URqwCJapCK1My1skWqdEqxWxCchcg5xzvLrPFM2ktBwiClJT5+YCCAOIIQCoAZAggtoSUiwEUQFtfHgfKP0W2FKOFllaaVCdMBu9SaEUl31te7tV6zx+dewv48fUxceGcuVvsdujxLhP4aOtVzX7N3y7Mn1jtG6focn3PuY49u4SJeJYnqIuFhFnW/ErxprHYt1PRJPuD6mJOa1OIuIQhGlIQhAIQhAIQhAIQhAI4Zvt6TO/NX9THc44ZvskjETXBvNX9TFjOSi2Z6Qiz8SbBFb3yoPW7omb0XxCrZJl6UtY+rp3RC2ekdMl2Z0vUSBnqU3A7RE3ef0heV0y8jUDb2jcxm+UJ41Tv2ePH0i/UVDDSFFujCJgWkpqcmaui1i/WANQp4g4qZVA+Xjx45RfpS8jCqSVFaUTAEJIBWDNXU2bgMKksXBGgVSz9GHt4spJwlLhNa2B0Zae0sH7T3xW7UPnpv5kz9RiwWp1YU0pTxr4UhgOMDLSK7aifPTfzF/qMTHky4RGjIJgk842oI5R0c0rC4lCGVQStLte19ewgPp/trxa0KagEJcm9sy7BibDTvjQpQgtUTXfa7utNahBKY8WY2yjFRbbsWnp7QfsftEPATUpkorS46SYxuQOCU7pCkvp62mRifu8oCentf6RB2atYlICEVkrmMyXWGRKcoLGk3z7BHO8umPC02rV5JLCyD55dJAbgoQQ1hk+Wgtalo/O5jx9fGQ5xebSQE4WWAsrCp0wu4LGlDpJB0L31NxYxRA5ePH9YuPCZcr7d4GjEBifNoyQF6r9U2592ekdk3U9DkfliOM7CYy8Q9LUI69TZqbqX8COz7reiSPy0xJzWpxFvCEI0pCEIBCEIBCEIBCEIDRiZtCFKZ6UqLc2DtHCNu7VM+YqoFJrUsiolLqzpScs+cd8jhW9klCZnAwNawQxDAG2Zb5RNzcXpuUtnpUbNUfKEM71IakhJd/VJsD2mJW9BPlC3d6UPUz5f4bfKIezB+0IGfEmxRXrqj1u6Jm9LDEKYNwy8klHP1Tl3QvlHOeNU7208eDF4so6DDvTXQukr6p86t30fJnt1qvVihNhH6JK/MYZIC0qMuYQtAulpy6r2NJs9wzDQqBZelw9mIK68LWOOpT5e2lmpt1Wyit2ifOzPfmfqMTJgKVYUOFMtV0lwXWCS+sQcf+LM99f6jEx5MuEQiJWz8N0iiCsICQCVEOACtKHPICpyeQMRzEvZmGMxZQlVJVSm/rVLQhm7CoKPYgnSOlc4lI2HOUlJCHUopCRUhiFglJCq7uxPcCXaNR2LiGSejICyAl1IDkkJa6rcSki+p7DG1GHxRShQrZZSUGsXIISkh1WLqA+MeYaVilBCkVEKBoNSWtc0ubEFIPMEA8oxu/Ma1PtUAiNgLR4pNy4bsZm7G07oxSY2yu92j59Hx+kRdnpWZCQkgJrXXUU0tRKZwrPXK8bd2VHyhHx+kaMBLeUg10kLma8RdEqyRZzbmMxHO+TpOE7H0eSoos85b55hCKgKr0mxGrM93imOQ8ffv+cXu0VvhpZopImrBDNxBKHUwYA8xzfLSiUWHj+fhouPCZcr3d0qoxLFX4aLpWlGqs1K8aax2LdX0OR+WmON7vHgxFifNp9Strq0Jt8e/SOx7p+hyPyxEnlWpxFzCEI0pCEIBCEIBCEIBCEIDwxwbev8Zf5i/qY7yY4LvR+Mv31fUxm8x2/n4Zfio2eR06XYXTmopGeqhcDtETN6PSFXFky8lFT2PrHPv+MaNkOMShqnqS1JAVnoVWfvtErewnylbv1Zb1M+R9m3yi3yjzzxqjft8ePqYvlk+TYcKbozLmOVEpZQmzKWao1ZsKS4expdNCX8f18Wi/WCMNh1FXAJawtITU7zpjFiW5ip3S+hUHZev0x9vEgBWFpJIdbE++X0Gr3YZZCIO0h56b+ZM/UYskrSpWEKU0J84yXKmZZ1ObmIG0j56b+ZM/UYmPJlwhKEeyVEKBFiCCDyIuDCMQY6OacNpzm66rOz3ZyCSH1cAv2R4jaUxKgqq6a6eSSsEKKRobv8ByiJXGBVE1F3WRLx6hEYAxmFRUWW7npKOyr9JiPg6OiQFv11sxb1JeZZR00GpyiRu6r9pl/wDt+kxGw0xCZSKkVOtbE+rwS705K7jyjF5bnCx2pMWcNKrZxMmAMc00opu5cNkeQHfFH8fHj6mLvaktScNLCl1ecmEFmZJSizHIgvbQltIpA7ePHgQx4MuVzsFKaMQ9LdGnrlQHWOibnS3dHZ90fQ5HufcxxzdwkJxDVDzaXpUlGpzUrL4feOybpehyPcH1MSc1qcRcwhCNKQhCAQhCAQhCAQhCAxMcH3qQ05RCkkFasjcXOY0juOMQpUtaUFlFKgk5MoggH5xwLbRndMpM56kEgAgOG5nMnviatsamcxxs+UTAXnBwGdNikrGeqBdXdEneQDyhfuy8klDcPsm4iLs78ZLkAOm6lFAz1WLp7xEredvKFMR1ZeSiv1dFG5hfKOU8aqCfHjxnF4r8HCqSSVplrpQFUuDOmXFJe2VIYqe3VVFG9s/Hj6xdTlI6DDAtX0a6SoVJYzpjhQuH5Fm6z6FLL0uHtnWSvCukJLqdIBAHGQbG4sAfjFftFfnpn5kz9RieslCsLXYiupyAA67XdgACOwRvVsFcxcxZXQozJhSikqKk9cK4bsahpZi7MxzLMburZcu0UKQ8eKiRjsKqTMVLUQSki6XYuAQRUASGObRGKrx1l252aZDKMYyTGa0QRqeMQYyoifsfZCsQpQSoJCaXJSpXWVTYJBvmWs7MIlsk3WpN3UZbvekI/wDb9JjHBrWJaChJPGvJ3HBLyUkgjPnFlg9neTTkLK0lCUutR4QhRCk0Fzm/xvkLRW4RCzKTTYBS6nuGoRdSS7jPQxjct3GtWTulY9CRhpdCiQZswm4NKqUWJA0bMZu+oim5ePH9Yu9oKQcMgoFPnVhQALVUpdnJsQzB8raRS6ePH9YuPCZcrvd0OjEWfzYtRXqdMh3/AMo7Nuh6HI9z7mOL7AUAie9N5Y6ylJGZ9m57o7Puef2OR7n3MSc1qcRdwhCNKQhCAQhCAQhCAQhCARwzfSeo4mYkqJSJsxgS4FzlyjuccF3uU+Jm/mr+pixnLhUbKJ8oTTU9SWppf4VcPziXvU/lKnd6JfWpfLWm0RdnIBxCQwupNikrH7ibnuiVvaGxKrDqS8klAyPqm48cozfKfhPGqZrePH9IvKAZEtTlKkYdRDAlnxK0qZtWJAy62mcULBs4/VbLUUy0EGZbCrZMsKIUTOmkBZGSQz5gksBm0TO6kMJvaKuQhVcopW6QroQgXSAVLUVgpqKqGJAPriwOWrZOLXLUEKKqSQKSSCgk2s4ZJOabBie2qyxZC0rmJnTAehUVmYSlSiM5aVUpKk1MAS73FtK+bMCwiSeMJISgISlKgniCqrE1KJHCzmz3MZl3O7Vmq82jgJ82YViUlOQAQUgMnhBYkHTUCI/9iYj2P86P9UeJ2egrUgIW6X9ZN2uC9FgwKn9kE6R5IwKFpWUy5nBmKk/Efh2I5c7Z2jW7IzqWs/7FxHsD99H+qNitlT/Y/wAyP9UYHZqOj6ShdLj1k5EZ/h937w5iMZ2zkoShXRrIWWAqS76DqdhHelY9Uw6qdMZf2PP9j/Mj7Kiy2TImya60JSgh1zCxUgJBLoKVOCxPyHJjWztmIQtKCiYa2KTUm47ujz7NQpPtCErZqDMMvo1gh3NScrkK/DyYEnkAo6GFu53WTV7PAqZi5o6wTUyQAVUVFgSBcklqlfYARYTFpFfRpWhMu6ahxoWAAslSEgUhSQC75AxoVP4Uy66EIUlVBDLlzOFCypdIITYmoNdd72i3mKpUvimqWubS6HoWh0halqSmy+uoJJAACSRSwObdLJtW7VSBIIAYeUEkBNIBMtBUySHSASWGgiiBt48c4v8AbkuiSoOs/tJIM1NKz5tIdQYctM7R+eGQjeHDGfK+3eJpntV+EOqUp1VmVZCOxbmH9ike6f1GOMbvAETrP5sNwFeqsgNfGkdl3I9Bke6r9Sok8q1OIv4QhGlIQhAIQhAIQhAIQhAeRwTew/tM38xf1jvccI3wCOlWUvUZi6gTb4Cm1z7RhtLwqNlLbEJNrFOayga5rFx4ESd7C+JV2ol5ErGVuI6ZRG2KFeUoap3S1IBOuQVbQ3OWcSt8fSVZ3RLzZxYjTP8A3eM3zn4k8b+qX4vlfTu/j/CLnDbVloQhJVOSpMuYg9GEFCgtS1VCpQNQrz0IEUYJZvl9B3c4yb+vzjWWMvKS2Lte1JRINeJdMsSwaZdkAEU55Z/EwTtKUFJXXiKkEEECWLjJ2N8mv3RRkO1vF48VE6IdVXcraaEqcLxLssO6H4wQr4l3PMgHMPGUvactIUAvEMpnHBkkukdw0Gl4o/DQaHTDqr9AdsS6QivEgBRIIKHchiXzdhnnxHmY8mbVlKCQV4lkppAdAFLqUQRyJLEZEBI9UN+fEei7Q6YdVXqtryysLK8UVCnVFygCnPPL5kx6ja0oKKhMxTmu7o9YEKI5Eu78wOUUCo9J0h0ReqrtGPkJDJXimDMHQWpyZxYBhbsjZL2vLS/HieKYlZcoLrSXCiWd+ERQC39I9HdDoh1Vc7R2iiaihNdSphmKVMKcyKaQ2Qtr3RUA6X+kY59nb9IzK38AP2Hu5xqTSW7XG7xDTnIA6MdZZQM1apz8DWOy7j+gyO5X61RyLdOt5zV1GWOpQ+avbtz/AI9kdb3E9Bkdy/1qjHu/8b9R+ihCEaCEIQCEIQCEIQCEIQHhjgu9i0rmuGetRLEH5ixGWo+JjvUU2N3Xwc0lS5CColyQ6STzNJDmCXvNOE4CUfKEClJugsvqs5LliLBn+EWe2sGiZME3p5aQtRQyQ4HRhipyoWa+QzjrKtyMAf8A+dP7y3+dURsTuDgVFJTKCaVObrVV2F15Rmzd3KY9pquQL2XLQATiUXVLFkPwrDhd15AafSMZ+zUIp/aUkEKyTdLKpTarUx2Fe4GANXmEsUskOvhN7vXfP+AjBP8Aw+wVNKpaVcJFXEFPorrs47oavyup8OQL2YitaBiUMl2VTYskq9qwdw75xgnZ0s9H+0IFaEqPD1KrMeK5GuTCOxzNwMGVKIlpAUiljUWPtPXdUYJ/4f4QdG0tDoBBdKuJwzq49OyGr8mp8ORnZcsLKTiUNTMIUEu9HWS1WZFxz0j3E7KQlFXlKCXl8NPtirOrTU6dkdembhYQ0+bQClVRNJv2NXZLW52zjbi9xMCpCkpkIQVesAonN8qoavyanw4qvBSwFkYhJpalkdYlTML2IJciN69lykrKDiUMAriCLcIqPrdrAx17/kHBGsqlpqVSxSCAkpyIBJvzcn4RmjcXBFVS5KFcLAJBSL5k8RNXx+EXv8pqfDjCMAhkE4hAr6OwS5TW4D8V2HWGjiMkbOlmr9pQ6TMHUzCGBV1tXsLvZo7GjcLB8IVLQpKC44SFKbqhSqrgdgDsIwP/AA/wjFkJCjMKgoJNgc0NVdPfDV+V1PhySfsqUkgDFIVVMQjqN1w9b1ZDI8jmREdWEl0LX5Ql0B2o6wqp4eLmXZo7NM3Ewqv7uWONKgyMgB1etkTf4x4vcDBFK09EgJXdNroOfCXyfTtiavydvhyj+xJVZR5WixIegM6QVHJeVs4yOxpLA+VoyllqB65ZuvmMzyEdfk7mYMXXh5SiwFkMLPdio3L89BG//k/Af9rK/dhq/J2+HKNmYKVKUr9okrrC0MtApBQbE8bMdDllHU9w/QZP/wAn/wBio3f8p4H/ALaV+6ItpMpKEhKQEpSAAEhgAMgAMhCTXsboQhGghCEAhCEAhCEAhCEAhCEAjyEIg9hCEAhCEB5CPYQCEIQHkIQij2EIRAhCEAhCEAhCEUIQhAIQhAf/2Q=='),
(7, 1, 'martian', 'Марсианин', 'B0007', '380.00', 1, '380.00', 'Фантастический роман от Энди Вейера', 'Марсианин — это захватывающий роман о выживании Марка Уотни, космонавта, оставшегося на Марсе в результате аварии. Марк использует свои инженерные и ботанические навыки, чтобы адаптироваться к суровым условиям планеты. Он находит способы получить воду, еду и поддерживать связь с Землей. Эта книга погружает читателя в мир научных открытий и изобретений. Подробные описания технологических решений и научных методов делают повествование реалистичным и увлекательным. История Марка — это история борьбы, решимости и человеческого духа.', 1, 0, 'https://img3.labirint.ru/rc/f06417ce16bd3020d4d44eb910cedd4e/363x561q80/books46/453409/cover.jpg?1613060771'),
(8, 2, 'cosmos', 'Космос', 'B0008', '360.00', 1, '400.00', 'Научная литература от Карла Сагана', 'Космос — это классический научно-популярный труд Карла Сагана, который открывает перед читателем удивительный мир астрономии и космологии. Саган объясняет сложные концепции вселенной простым и доступным языком, используя метафоры и аналогии. Книга охватывает широкий круг тем: от истории науки до поиска внеземной жизни. Космос вдохновляет на философские размышления о нашем месте во вселенной. Сочетание научных данных и поэтического стиля делает книгу настоящим шедевром. Это произведение остается актуальным и читаемым десятилетия спустя после своего выхода.', 1, 0, 'https://img4.labirint.ru/rc/f88452f25e74217554f6e8ab7462dd91/363x561q80/books41/402528/cover.jpg?1563723572'),
(9, 3, 'gone-girl', 'Исчезнувшая', 'B0009', '370.00', 1, '370.00', 'Детектив от Гиллиан Флинн', 'Исчезнувшая — это захватывающий психологический триллер, который ни на минуту не отпустит читателя. Ник и Эми Данн — супружеская пара с тайнами, которые вскрываются, когда Эми неожиданно исчезает. Повествование ведется глазами обоих героев, и правда постепенно выявляется через их противоречивые рассказы. Автор умело балансирует на грани между детективом и психологической драмой. Сюжет наполнен неожиданными поворотами и тонкой психологией. Исчезнувшая — это книга о лжи, манипуляциях и сложных человеческих отношениях, которая оставляет глубокий след в сознании.', 1, 30, 'https://img2.labirint.ru/rcimg/81f03d5e3f3dc2710d3bee1ef8809d6e/960x540/books92/914100/ph_001.jpg?1670563524'),
(10, 1, 'neuromancer', 'Нейромант', 'B0010', '450.00', 1, '450.00', 'Киберпанк от Уильяма Гибсона', 'Нейромант — это культовый роман, заложивший основы жанра киберпанк. Книга повествует о киберпространстве, искусственном интеллекте и высокотехнологичных мирах будущего. Гибсон создает мрачный, антиутопический ландшафт, где хакеры и крупные корпорации ведут постоянную борьбу. Главный герой Кейса нанимают для сложного взлома виртуальной системы, что запускает серию событий с непредсказуемыми последствиями. Богатый язык и оригинальные идеи сделали книгу классикой научной фантастики. Нейромант продолжает вдохновлять писателей, кинематографистов и геймеров по всему миру.', 1, 2, 'https://litres.ru/pub/c/cover/8738832.jpg');

-- --------------------------------------------------------

--
-- Структура таблицы `product_assignment`
--

CREATE TABLE `product_assignment` (
  `id` bigint(20) UNSIGNED NOT NULL,
  `product_id` int(10) UNSIGNED NOT NULL,
  `section_id` int(10) UNSIGNED NOT NULL,
  `type_id` int(10) UNSIGNED NOT NULL,
  `visible` tinyint(1) NOT NULL DEFAULT '1'
) ENGINE=InnoDB DEFAULT CHARSET=utf8;

--
-- Дамп данных таблицы `product_assignment`
--

INSERT INTO `product_assignment` (`id`, `product_id`, `section_id`, `type_id`, `visible`) VALUES
(1, 1, 1, 1, 1),
(2, 2, 1, 1, 1),
(3, 3, 2, 1, 1),
(4, 4, 2, 1, 1),
(5, 5, 3, 1, 1),
(6, 6, 3, 1, 1),
(7, 7, 1, 1, 1),
(8, 8, 2, 1, 1),
(9, 9, 3, 1, 1),
(10, 10, 1, 1, 1);

-- --------------------------------------------------------

--
-- Структура таблицы `product_param_name`
--

CREATE TABLE `product_param_name` (
  `id` int(10) UNSIGNED NOT NULL,
  `position` int(11) DEFAULT '0',
  `visible` tinyint(1) NOT NULL,
  `name` varchar(1024) NOT NULL
) ENGINE=InnoDB DEFAULT CHARSET=utf8;

--
-- Дамп данных таблицы `product_param_name`
--

INSERT INTO `product_param_name` (`id`, `position`, `visible`, `name`) VALUES
(1, 1, 1, 'Язык'),
(2, 2, 1, 'Обложка');

-- --------------------------------------------------------

--
-- Структура таблицы `product_param_variant`
--

CREATE TABLE `product_param_variant` (
  `id` int(10) UNSIGNED NOT NULL,
  `param_id` int(10) UNSIGNED NOT NULL,
  `name` text NOT NULL,
  `position` int(1) DEFAULT '0'
) ENGINE=InnoDB DEFAULT CHARSET=utf8;

--
-- Дамп данных таблицы `product_param_variant`
--

INSERT INTO `product_param_variant` (`id`, `param_id`, `name`, `position`) VALUES
(1, 1, 'Русский', 1),
(2, 1, 'Английский', 2),
(3, 2, 'Мягкая', 1),
(4, 2, 'Твердая', 2);

-- --------------------------------------------------------

--
-- Структура таблицы `product_section`
--

CREATE TABLE `product_section` (
  `id` int(10) UNSIGNED NOT NULL,
  `position` int(11) DEFAULT '0',
  `url` varchar(255) NOT NULL,
  `name` varchar(255) NOT NULL,
  `notice` text,
  `visible` tinyint(1) DEFAULT '0'
) ENGINE=InnoDB DEFAULT CHARSET=utf8;

--
-- Дамп данных таблицы `product_section`
--

INSERT INTO `product_section` (`id`, `position`, `url`, `name`, `notice`, `visible`) VALUES
(1, 1, 'fantasy', 'Фантастика', 'Категория фантастики', 1),
(2, 2, 'science', 'Научная литература', 'Категория научной литературы', 1),
(3, 3, 'detective', 'Детективы', 'Категория детективов', 1);

-- --------------------------------------------------------

--
-- Структура таблицы `product_type`
--

CREATE TABLE `product_type` (
  `id` int(10) UNSIGNED NOT NULL,
  `position` int(11) DEFAULT '0',
  `url` varchar(255) NOT NULL,
  `name` varchar(255) NOT NULL,
  `notice` text,
  `visible` tinyint(1) DEFAULT '0'
) ENGINE=InnoDB DEFAULT CHARSET=utf8;

--
-- Дамп данных таблицы `product_type`
--

INSERT INTO `product_type` (`id`, `position`, `url`, `name`, `notice`, `visible`) VALUES
(1, 1, 'books', 'Книги', 'Тип продукта - книги', 1);

--
-- Индексы сохранённых таблиц
--

--
-- Индексы таблицы `product`
--
ALTER TABLE `product`
  ADD PRIMARY KEY (`id`),
  ADD UNIQUE KEY `url` (`url`),
  ADD KEY `currency_id` (`currency_id`),
  ADD KEY `position` (`position`),
  ADD KEY `position_2` (`position`);

--
-- Индексы таблицы `product_assignment`
--
ALTER TABLE `product_assignment`
  ADD PRIMARY KEY (`id`),
  ADD KEY `product_id` (`product_id`),
  ADD KEY `section_id` (`section_id`),
  ADD KEY `type_id` (`type_id`),
  ADD KEY `visible` (`visible`),
  ADD KEY `section_id_2` (`section_id`),
  ADD KEY `type_id_2` (`type_id`),
  ADD KEY `product_id_2` (`product_id`);

--
-- Индексы таблицы `product_param_name`
--
ALTER TABLE `product_param_name`
  ADD PRIMARY KEY (`id`),
  ADD KEY `position` (`position`);

--
-- Индексы таблицы `product_param_variant`
--
ALTER TABLE `product_param_variant`
  ADD PRIMARY KEY (`id`),
  ADD UNIQUE KEY `value` (`param_id`,`name`(64)),
  ADD KEY `param_id` (`param_id`);

--
-- Индексы таблицы `product_section`
--
ALTER TABLE `product_section`
  ADD PRIMARY KEY (`id`),
  ADD KEY `url` (`url`),
  ADD KEY `position` (`position`);

--
-- Индексы таблицы `product_type`
--
ALTER TABLE `product_type`
  ADD PRIMARY KEY (`id`),
  ADD KEY `url` (`url`);

--
-- AUTO_INCREMENT для сохранённых таблиц
--

--
-- AUTO_INCREMENT для таблицы `product`
--
ALTER TABLE `product`
  MODIFY `id` int(10) UNSIGNED NOT NULL AUTO_INCREMENT, AUTO_INCREMENT=11;

--
-- AUTO_INCREMENT для таблицы `product_assignment`
--
ALTER TABLE `product_assignment`
  MODIFY `id` bigint(20) UNSIGNED NOT NULL AUTO_INCREMENT, AUTO_INCREMENT=11;

--
-- AUTO_INCREMENT для таблицы `product_param_name`
--
ALTER TABLE `product_param_name`
  MODIFY `id` int(10) UNSIGNED NOT NULL AUTO_INCREMENT, AUTO_INCREMENT=3;

--
-- AUTO_INCREMENT для таблицы `product_param_variant`
--
ALTER TABLE `product_param_variant`
  MODIFY `id` int(10) UNSIGNED NOT NULL AUTO_INCREMENT, AUTO_INCREMENT=5;

--
-- AUTO_INCREMENT для таблицы `product_section`
--
ALTER TABLE `product_section`
  MODIFY `id` int(10) UNSIGNED NOT NULL AUTO_INCREMENT, AUTO_INCREMENT=4;

--
-- AUTO_INCREMENT для таблицы `product_type`
--
ALTER TABLE `product_type`
  MODIFY `id` int(10) UNSIGNED NOT NULL AUTO_INCREMENT, AUTO_INCREMENT=2;

--
-- Ограничения внешнего ключа сохраненных таблиц
--

--
-- Ограничения внешнего ключа таблицы `product`
--
ALTER TABLE `product`
  ADD CONSTRAINT `product_ibfk_1` FOREIGN KEY (`position`) REFERENCES `product_section` (`position`);

--
-- Ограничения внешнего ключа таблицы `product_assignment`
--
ALTER TABLE `product_assignment`
  ADD CONSTRAINT `product_assignment_ibfk_1` FOREIGN KEY (`section_id`) REFERENCES `product_section` (`id`),
  ADD CONSTRAINT `product_assignment_ibfk_2` FOREIGN KEY (`type_id`) REFERENCES `product_type` (`id`),
  ADD CONSTRAINT `product_assignment_ibfk_3` FOREIGN KEY (`product_id`) REFERENCES `product` (`id`);

--
-- Ограничения внешнего ключа таблицы `product_section`
--
ALTER TABLE `product_section`
  ADD CONSTRAINT `product_section_ibfk_1` FOREIGN KEY (`position`) REFERENCES `product` (`position`);
COMMIT;

/*!40101 SET CHARACTER_SET_CLIENT=@OLD_CHARACTER_SET_CLIENT */;
/*!40101 SET CHARACTER_SET_RESULTS=@OLD_CHARACTER_SET_RESULTS */;
/*!40101 SET COLLATION_CONNECTION=@OLD_COLLATION_CONNECTION */;
